Time,Temp_1,Temp_2,Temp_3,Temp_4,Temp_5,Temp_6
0,0,-0.008234441280365,-0.008229658007622,0,-0.160906821489334,0.772581696510315
0.000100113575172,0,0.920959770679474,0.385392665863037,0,-22.1846675872803,-66.579460144043
0.000200227150344,-10.0944662094116,1.95069849491119,1.47130370140076,0,-24.8414688110352,-56.8228416442871
0.000300340703689,10.0944662094116,2.51886487007141,3.21867537498474,0,-80.156494140625,-191.62158203125
0.000400454300689,20.1889324188232,1.25584447383881,4.82680368423462,0,-205.777420043945,-526.711791992188
0.000500567839481,30.2833995819092,-1.6836119890213,5.14248847961426,0,-428.735443115234,-1162.55139160156
0.000600681407377,50.4723320007324,-3.44373965263367,0.825546860694885,0,-772.1630859375,-2135.81005859375
0.000700794975273,60.5667991638184,-0.149843275547028,-1.38032650947571,0,-1202.07873535156,-3319.82202148437
0.000800908601377,111.039131164551,6.73467445373535,4.18590688705444,0,-1517.14050292969,-3991.00170898437
0.00090006866958,121.133598327637,23.9524459838867,7.50448226928711,0,-1855.05895996094,-4734.8291015625
0.001000182237476,90.8501968383789,34.9470329284668,-2.24580693244934,0,-1695.08276367188,-4201.72265625
0.001100295805372,50.4723320007324,36.7094650268555,-39.5361366271973,0,-1141.80090332031,-2850.42724609375
0.001200409373268,0,56.152214050293,-74.8647308349609,0,-517.151611328125,-1594.10986328125
0.001300522941165,0,89.7059173583984,-88.2561416625977,0,-390.307769775391,-1616.26147460938
0.001400636509061,60.5667991638184,158.410766601563,-101.039878845215,0,-1041.00354003906,-3904.68627929687
0.001500750076957,111.039131164551,247.146591186523,-110.341453552246,0,-1763.38403320313,-6287.6884765625
0.001600863644853,131.228057861328,344.843231201172,-106.171630859375,0,-2146.50708007813,-7434.08544921875
0.001700023771264,161.511459350586,430.414794921875,-125.733840942383,0,-2240.5068359375,-7616.31298828125
0.00180013733916,90.8501968383789,520.898559570313,-154.705322265625,0,-2282.26342773437,-7783.57958984375
0.001900250907056,50.4723320007324,606.141906738281,-178.440780639648,0,-2404.53564453125,-7912.02587890625
0.002000364474952,40.3778648376465,697.50244140625,-204.150299072266,0,-2653.2421875,-8421.3466796875
0.002100478159264,80.755729675293,820.992492675781,-244.452026367187,0,-3524.771484375,-11194.7109375
0.002200591610745,111.039131164551,984.880859375,-257.258544921875,0,-4447.89697265625,-14400.75390625
0.002300705295056,191.794860839844,1144.84680175781,-266.153167724609,0,-5461.9228515625,-18096.193359375
0.002400818746537,343.211853027344,1327.70703125,-255.335525512695,0,-7275.95947265625,-23923.8125
0.002500932430848,464.345458984375,1506.86828613281,-260.647979736328,0,-9048.365234375,-29919.916015625
0.002600092440844,595.573547363281,1697.25500488281,-252.494400024414,0,-11060.6728515625,-36191.984375
0.002700206125155,746.990539550781,1885.4091796875,-250.977645874023,0,-13306.29296875,-43115.91015625
0.002800319576636,817.651794433594,2069.90161132812,-268.829406738281,0,-15038.5361328125,-48506.90625
0.002900433260947,797.462829589844,2241.76977539063,-283.712249755859,0,-16011.5556640625,-51285.09375
0.003000546712428,797.462829589844,2409.15771484375,-345.344757080078,0,-16579.451171875,-53552.15234375
0.00310066039674,777.27392578125,2590.86499023438,-370.029449462891,0,-17831.595703125,-56708.1640625
0.003200773848221,858.029663085937,2781.96899414062,-356.625762939453,0,-19119.158203125,-59530.3984375
0.003300887532532,1029.63562011719,2983.83471679687,-349.410736083984,0,-21041.935546875,-65524.875
0.003400047542527,1170.95812988281,3195.56982421875,-300.713409423828,0,-22879.1953125,-72138.171875
0.003500161226839,1292.09167480469,3407.49389648437,-305.012268066406,0,-24580.123046875,-78644.3515625
0.00360027467832,1352.65856933594,3616.05541992187,-342.017730712891,0,-25430.177734375,-82487
0.003700388362631,1362.7529296875,3819.60009765625,-369.132293701172,0,-25753.220703125,-84206.84375
0.003800501814112,1241.61938476563,4044.244140625,-407.579254150391,0,-24502.025390625,-82089.0234375
0.003900615498424,1211.3359375,4297.59375,-500.91845703125,0,-23556.853515625,-78369.78125
0.004000728949904,1039.73010253906,4530.27880859375,-536.723999023438,0,-21546.65234375,-74208.96875
0.004100842401385,938.785400390625,4751.33056640625,-596.518371582031,0,-18883.162109375,-69901.3671875
0.004200002644211,908.502014160156,4974.1416015625,-647.704956054688,0,-16951.138671875,-67628.1484375
0.004300116095692,878.218566894531,5224.7119140625,-722.454467773438,0,-14942.8994140625,-66119.6328125
0.004400230012834,827.746276855469,5511.22216796875,-754.390808105469,0,-13116.1708984375,-63406.78125
0.004500343464315,666.234802246094,5769.166015625,-757.853759765625,0,-10742.345703125,-57022.26171875
0.004600456915796,474.43994140625,6037.55859375,-813.671264648437,0,-8355.7626953125,-50300.89453125
0.004700570367277,262.456115722656,6236.0595703125,-972.103576660156,0,-4259.509765625,-41436.69921875
0.004800684284419,161.511459350586,6456.19775390625,-1096.68029785156,0,-2713.556640625,-37276.3203125
0.0049007977359,131.228057861328,6691.033203125,-1219.14392089844,0,-1553.43408203125,-35269.3671875
0.005000911187381,100.944664001465,6956.240234375,-1357.08715820313,0,-1299.57702636719,-33965.2734375
0.005100071430206,80.755729675293,7200.2685546875,-1569.07373046875,0,1052.52282714844,-28359.6328125
0.005200184881687,-10.0944662094116,7521.42919921875,-1544.48840332031,0,2498.88549804687,-25421.953125
0.005300298333168,-30.2833995819092,7769.115234375,-1517.06665039063,0,3404.39477539062,-23472.599609375
0.00540041225031,-60.5667991638184,7980.478515625,-1614.28771972656,0,4130.23681640625,-21352.103515625
0.005500525701791,-111.039131164551,8161.78857421875,-1712.90673828125,0,4560.134765625,-18159.634765625
0.005600639153272,-121.133598327637,8297.009765625,-1915.24816894531,0,4722.56494140625,-19217.185546875
0.005700752604753,-100.944664001465,8459.267578125,-2075.69604492187,0,4458.3447265625,-20932.458984375
0.005800866521895,-50.4723320007324,8559.1904296875,-2060.37353515625,0,4318.021484375,-19482.177734375
0.005900026299059,-121.133598327637,8645.00390625,-1938.18444824219,0,4767.7451171875,-18046.515625
0.006000140216202,-171.605926513672,8626.2177734375,-1864.76135253906,0,4373.26220703125,-17298.39453125
0.006100253667682,-232.172729492187,8536.1240234375,-1873.11401367187,0,4423.13330078125,-15359.482421875
0.006200367119163,-403.778656005859,8405.205078125,-1838.78076171875,0,4463.15625,-10637.6533203125
0.006300480570644,-504.723327636719,8288.1259765625,-1750.08764648438,0,4110.94140625,-6707.1015625
0.006400594487786,-615.762451171875,8196.9384765625,-1642.84484863281,0,3406.11083984375,-4263.72607421875
0.006500707939267,-2180.40478515625,7798.44287109375,-1410.96911621094,0,23768.34375,56569.82421875
0.006600821390748,-2432.76635742188,7988.25,-1607.53674316406,0,35920.4375,62295.15625
0.00670093530789,-1958.32653808594,7998.447265625,-2052.69311523437,0,37782.421875,48192.95703125
0.006800095085055,-2291.44384765625,7952.568359375,-1786.03198242188,0,48022.33203125,63369.1875
0.006900208536536,-2624.56127929687,8066.55224609375,-1109.744140625,0,52143.66015625,79103.765625
0.007000322453678,-2695.22265625,8056.85009765625,-1081.74475097656,0,54902.5078125,65378.40234375
0.007100435905159,-2947.58422851563,8246.7587890625,-1360.84460449219,0,63051.70703125,77624.3046875
0.007200549356639,-3371.5517578125,8283.1728515625,-1273.81420898438,0,68151.265625,82999.2734375
0.007300663273782,-3381.64624023437,8383.734375,-1364.62451171875,0,72716.7890625,89369.4609375
0.007400776725262,-2927.39526367187,8433.2939453125,-1660.49072265625,0,67616.5234375,76993.9140625
0.007500890176743,-3038.43432617187,8552.7529296875,-1596.79162597656,0,70410.7109375,82102.15625
0.007600050419569,-3078.81225585938,8771.2890625,-1663.77734375,0,72460.5,87064.0625
0.00770016387105,-3018.24560546875,8972.0732421875,-1873.43103027344,0,73365.2578125,85429.46875
0.007800277322531,-3220.134765625,9006.4921875,-1898.26147460938,0,79472.90625,93309.65625
0.007900390774012,-3210.04028320313,9142.54296875,-1726.45068359375,0,81695.203125,92329.5
0.008000504225492,-3038.43432617187,9238.0556640625,-1723.28649902344,0,83508.9453125,90957.078125
0.008100618608296,-2957.6787109375,9408.458984375,-1835.177734375,0,83436.5390625,90590.1796875
0.008200732059777,-2957.6787109375,9521.7255859375,-1818.5009765625,0,82987.78125,91330.6875
0.008300845511258,-3199.94580078125,9519.4482421875,-1863.86303710938,0,87322.3125,100196.4375
0.008400005288422,-3432.11865234375,9559.916015625,-1970.31811523438,0,90243.9375,107450.7421875
0.008500118739903,-3432.11865234375,9588.3466796875,-2102.47412109375,0,92353.109375,116307.625
0.008600232191384,-3543.15771484375,9668.447265625,-2106.32543945312,0,92736.3671875,116736.390625
0.008700346574187,-3492.685546875,9642.154296875,-2215.85205078125,0,91032.5234375,120466.046875
0.008800460025668,-3734.95263671875,9648.1103515625,-2068.62280273437,0,93016.296875,122908.703125
0.008900573477149,-3825.802734375,9647.5986328125,-1993.52661132813,0,92471.8515625,125316.890625
0.00900068692863,-3886.36962890625,9639.65234375,-1988.48742675781,0,93659.5546875,128196.046875
0.009100800380111,-4098.353515625,9701.2060546875,-2049.35083007812,0,95061.9609375,133636.46875
0.009200913831592,-4118.54248046875,9752.7958984375,-1991.84680175781,0,92342.15625,129880.8359375
0.009300074540079,-4310.33740234375,9722.21875,-1914.53149414063,0,91299.46875,132244.90625
0.00940018799156,-4582.8876953125,9605.5947265625,-1859.78845214844,0,93760.421875,143045
0.00950030144304,-4663.6435546875,9625.716796875,-1856.080078125,0,92534.578125,145340.921875
0.009600414894521,-4572.79345703125,9646.5146484375,-2019.78295898438,0,91627.421875,140434.84375
0.009700528346002,-4552.6044921875,9667.060546875,-1963.35412597656,0,90327.3359375,135218.3125
0.009800641797483,-4431.470703125,9652.9091796875,-1793.40270996094,0,89311.765625,137166.515625
0.009900755248964,-4380.99853515625,9720.9033203125,-1775.23645019531,0,89024.9140625,136877.875
0.010000868700445,-4078.16455078125,9793.48828125,-1927.22412109375,0,86001.859375,124764.7734375
0.010100029408932,-4068.07006835938,9760.970703125,-1758.26794433594,0,85954.8515625,122921.984375
0.010200142860413,-3896.46411132812,9725.763671875,-1666.96948242188,0,85052.7890625,120367.296875
0.010300256311894,-3674.3857421875,9731.716796875,-1840.37377929688,0,84876.21875,115356.5
0.010400369763374,-3472.49658203125,9920.2685546875,-1889.26892089844,0,81743.5546875,103751.90625
0.010500483214855,-3432.11865234375,9854.6669921875,-1946.78625488281,0,82583.4140625,106923.296875
0.010600596666336,-3462.40209960937,9852.755859375,-2024.18334960937,0,82641.7109375,103632.890625
0.01070071104914,-3432.11865234375,9781.9541015625,-2056.04565429687,0,84105.5703125,106084.421875
0.01080082450062,-3129.28466796875,9869.703125,-1989.02294921875,0,80543.8203125,98005.109375
0.010900937952101,-2695.22265625,9903.6591796875,-2025.48791503906,0,75206.921875,84785.8359375
0.011000097729266,-2261.16040039062,9934.9296875,-2148.53344726562,0,68567.9921875,64985.7265625
0.011100211180747,-2079.46020507812,10106.2919921875,-2085.20678710937,0,66287.0703125,58373.66015625
0.011200324632228,-2311.6328125,10163.4912109375,-2099.50927734375,0,68670.921875,64882.21875
0.011300439015031,-2654.8447265625,10164.71484375,-1862.41394042969,0,71343.7578125,79937.34375
0.011400552466512,-2584.18334960938,10206.1845703125,-2053.18481445312,0,68124.875,75333.7265625
0.011500665917993,-2190.49926757812,10289.08984375,-2255.576171875,0,62498.85546875,59541.078125
0.011600779369474,-2190.49926757812,10203.4384765625,-2237.71801757812,0,60219.4375,59419.35546875
0.011700892820954,-2150.12133789063,10103.9462890625,-1930.49328613281,0,58129.890625,58926.97265625
0.011800052598119,-1978.51550292969,9916.1982421875,-1811.48266601563,0,54765.03515625,55377.12890625
0.011900166980922,-1877.57080078125,9853.166015625,-2020.52966308594,0,50249.19140625,45161.09375
0.012000280432403,-2291.44384765625,9760.3984375,-2035.53503417969,0,53601.44140625,58603.6328125
0.012100393883884,-2563.99462890625,9708.6220703125,-2071.6689453125,0,54784.171875,67141.9609375
0.012200507335365,-2654.8447265625,9683.9794921875,-1894.8212890625,0,54796.92578125,70605.7265625
0.012300620786846,-2574.0888671875,9573.857421875,-1761.97705078125,0,53084.59375,70552.03125
0.012400734238327,-2412.57739257812,9487.5009765625,-1684.18676757813,0,49883.46484375,66152.6171875
0.012500847689808,-2372.19970703125,9357.724609375,-1585.7158203125,0,47836.34765625,67285.4453125
0.012600008398295,-2129.93237304687,9220.9033203125,-1513.8076171875,0,44228.296875,66923.90625
0.012700121849775,-1827.09838867188,9069.6728515625,-1651.25427246094,0,40498.48046875,63266.41015625
0.012800235301256,-1655.49255371094,8958.4365234375,-1721.32885742188,0,37488.328125,57140.61328125
0.012900348752737,-1605.02014160156,8861.6748046875,-1585.51330566406,0,38531.45703125,62482.35546875
0.013000462204218,-1443.50866699219,8778.6416015625,-1495.05065917969,0,35474.2734375,56774.078125
0.013100575655699,-1413.22534179688,8687.54296875,-1178.84387207031,0,34395.30859375,59035.765625
0.01320068910718,-1120.48583984375,8508.462890625,-1360.93298339844,0,31250.701171875,47548.90234375
0.013300803489983,-595.573547363281,8408.0947265625,-1303.12084960938,0,23465.205078125,37046.0234375
0.013400916941464,-484.534393310547,8385.51953125,-1118.025390625,0,24107.26953125,39382.45703125
0.013500076718628,-262.456115722656,8287.4619140625,-1128.38659667969,0,21422.44140625,39976.56640625
0.013600190170109,-80.755729675293,8253.771484375,-1059.61047363281,0,18780.35546875,28389.814453125
0.01370030362159,70.661262512207,8095.53759765625,-936.449340820312,0,19079.919921875,31309.955078125
0.013800417073071,181.700393676758,7926.71923828125,-724.530822753906,0,16763.89453125,27140.482421875
0.013900531455875,323.022918701172,7703.43115234375,-444.050170898437,0,14702.248046875,27108.736328125
0.014000644907355,575.384582519531,7544.1513671875,-342.009460449219,0,12777.0810546875,17847.1796875
0.014100758358836,746.990539550781,7317.1328125,-457.937194824219,0,8950.392578125,11705.673828125
0.014200871810317,474.43994140625,7178.28173828125,-194.383911132813,0,14286.7841796875,21702.658203125
0.014300031587482,343.211853027344,6879.66748046875,-109.668884277344,0,18884.546875,33939.18359375
0.014400145038962,676.329284667969,6844.34619140625,-118.199768066406,0,17344.021484375,24401.890625
0.014500259421766,1211.3359375,6771.228515625,-56.5479621887207,0,13318.6015625,5613.705078125
0.014600372873247,1059.9189453125,6647.87060546875,345.024108886719,0,17497.8984375,13168.3037109375
0.014700486324728,948.8798828125,6414.27880859375,466.690460205078,0,21646.1328125,17534.95703125
0.014800599776208,746.990539550781,6205.8408203125,320.797241210937,0,24333.66015625,19646.11328125
0.014900713227689,686.423706054688,6098.11083984375,349.113067626953,0,27297.162109375,28328.439453125
0.01500082667917,898.407531738281,5921.73974609375,462.844360351563,0,27478.37890625,28885.2890625
0.015100940130651,1302.18615722656,5880.81494140625,589.677307128906,0,20867.197265625,15036.4453125
0.015200100839138,1726.15380859375,5621.48291015625,565.960510253906,0,16697.697265625,8506.8232421875
0.015300214290619,2129.93237304687,5442.41650390625,579.718383789063,0,11015.1650390625,-2135.97802734375
0.0154003277421,2553.90014648437,5421.55419921875,604.092590332031,0,3637.79663085938,-17783.21875
0.015500441193581,2372.19970703125,5145.21630859375,557.158569335938,0,4177.9208984375,-8481.720703125
0.015600554645062,2563.99462890625,5105.9521484375,667.859497070313,0,-1045.97216796875,-14379.60546875
0.015700668096542,2887.01733398437,4941.6455078125,662.324584960938,0,-5568.0634765625,-17979.34765625
0.015800781548023,3008.15112304688,4894.8427734375,617.813659667969,0,-10335.1767578125,-21963.583984375
0.015900894999504,2967.77319335937,4723.39501953125,664.81591796875,0,-11372.45703125,-16942.125
0.016000056639314,3038.43432617187,4644.41845703125,796.442687988281,0,-12419.7109375,-16348.91796875
0.016100170090795,3361.45727539062,4630.1865234375,803.775512695312,0,-17606.6640625,-28203.474609375
0.016200283542276,3593.63012695312,4561.1865234375,908.667907714844,0,-20860.35546875,-35783.2421875
0.016300396993756,3755.1416015625,4432.57763671875,918.755615234375,0,-23020.8046875,-37345.828125
0.016400510445237,3512.87426757812,4378.048828125,1070.1455078125,0,-20733.5546875,-30696.90625
0.016500623896718,3634.00805664063,4294.67138671875,1071.59704589844,0,-21311.87109375,-32365.10546875
0.016600737348199,3876.27514648437,4269.52197265625,1138.63269042969,0,-27386.087890625,-44296.48828125
0.01670085079968,3876.27514648437,4224.85888671875,1410.20751953125,0,-26655.435546875,-39417.47265625
0.016800010576844,3825.802734375,4139.0458984375,1570.466796875,0,-28212.580078125,-39120.39453125
0.016900124028325,3967.12524414062,4082.27954101563,1511.02844238281,0,-30879.216796875,-42122.9765625
0.017000237479806,4320.431640625,3940.39599609375,1461.81164550781,0,-37619.3046875,-55104.76171875
0.017100350931287,4693.9267578125,3896.91821289062,1462.40063476563,0,-40957.69140625,-68503.4765625
0.017200464382768,4815.060546875,3776.37426757812,1533.67517089844,0,-44322.07421875,-69131.234375
0.017300577834249,4946.28857421875,3858.58447265625,1773.21057128906,0,-47878.6875,-74189.6171875
0.017400693148375,5168.36669921875,3733.91723632812,1732.07629394531,0,-49581.58984375,-78372.8984375
0.017500806599856,5178.46142578125,3582.96948242188,1523.76330566406,0,-51245.015625,-78596.2890625
0.017600920051336,5047.2333984375,3555.50659179687,1677.31579589844,0,-50425.81640625,-71155.1484375
0.017700079828501,5006.85546875,3356.4345703125,1656.12341308594,0,-50742.484375,-67458.234375
0.017800193279982,5067.42236328125,3252.84594726562,1617.8212890625,0,-53067.19140625,-70440.875
0.017900306731463,5319.78369140625,3220.33227539062,1727.30407714844,0,-57085.5625,-77231.6640625
0.018000420182943,5551.95654296875,3193.74682617187,1725.60168457031,0,-60774.62109375,-89506.4453125
0.018100533634424,5481.29541015625,3046.59643554687,1713.45422363281,0,-57687.84375,-80973.828125
0.018200647085905,5541.8623046875,3091.81811523437,1812.5185546875,0,-56988.9609375,-81196.6484375
0.018300760537386,5420.728515625,3076.880859375,1823.03869628906,0,-55304.38671875,-77746.484375
0.018400873988867,5117.89453125,2903.85498046875,1805.62036132813,0,-51308.26953125,-66393.21875
0.018500033766031,5057.32763671875,2850.87377929687,1751.22888183594,0,-50169.0546875,-68036.875
0.018600149080157,5218.83935546875,2784.68115234375,1801.00915527344,0,-51333.53125,-71292.09375
0.018700262531638,5289.50048828125,2749.79760742187,1985.29077148438,0,-51904.23046875,-72983.7265625
0.018800375983119,5339.97265625,2672.95825195312,2034.85986328125,0,-52761.62109375,-76207.5
0.0189004894346,5218.83935546875,2546.236328125,2016.98645019531,0,-51430.4375,-71948.6875
0.019000602886081,5279.40625,2340.14526367188,1839.83386230469,0,-53051.53125,-73708.9765625
0.019100716337562,5451.01171875,2317.16967773437,1909.626953125,0,-56267.1640625,-81280.3515625
0.019200829789043,5652.9013671875,2285.07104492187,2048.11254882812,0,-58482.07421875,-83431.6484375
0.019300943240523,5774.03466796875,2139.07421875,2057.03686523437,0,-62106.32421875,-88412.2890625
0.019400103017688,6016.30224609375,2132.9111328125,2051.55126953125,0,-66659.375,-96723.921875
0.019500216469169,6147.5302734375,2027.86474609375,1946.42504882813,0,-69637.703125,-97530.7734375
0.01960032992065,6177.8134765625,1895.22375488281,1971.17053222656,0,-71859.6875,-99019.4609375
0.01970044337213,6450.3642578125,1935.59741210938,2038.68920898437,0,-76360.5859375,-108299.6796875
0.019800556823611,6480.6474609375,1921.3818359375,2081.57885742188,0,-78869.5859375,-112017.71875
0.019900670275092,6450.3642578125,1798.05773925781,1949.06176757813,0,-76484.4296875,-103897.8359375
0.020000785589218,6329.23046875,1869.1123046875,2024.44055175781,0,-76893.1875,-103374.6796875
0.020100899040699,6399.8916015625,1751.00219726563,1989.60375976563,0,-77157.65625,-102483.71875
0.020200058817864,6591.6865234375,1797.51293945313,2000.35217285156,0,-77600.34375,-106323.671875
0.020300172269344,6561.4033203125,1726.73791503906,2280.66748046875,0,-77129.9375,-106402.7265625
0.020400285720825,6440.26953125,1587.18212890625,2329.15209960937,0,-75213.1015625,-97557.09375
0.020500399172306,6662.34814453125,1615.65881347656,2290.16967773437,0,-77115.53125,-108313.625
0.020600512623787,6440.26953125,1572.94946289063,2331.34643554687,0,-74396.46875,-103945.765625
0.020700626075268,6278.75830078125,1402.75744628906,2282.60961914062,0,-70277.1796875,-94555.9921875
0.020800739526749,6359.51416015625,1481.7197265625,2456.4287109375,0,-71235.8203125,-97990.265625
0.02090085297823,6238.38037109375,1395.65991210938,2444.5166015625,0,-69997.5625,-92731.265625
0.021000012755394,6208.09716796875,1355.16479492188,2470.44653320313,0,-70012.5390625,-91175.3984375
0.021100126206875,6430.17529296875,1407.9453125,2301.99731445312,0,-73662.703125,-100561.78125
0.021200241521001,6399.8916015625,1280.4736328125,2268.29638671875,0,-74793.7265625,-97872.0703125
0.021300354972482,6399.8916015625,1305.32666015625,2412.40014648438,0,-75659.453125,-102508.7734375
0.021400468423963,6682.537109375,1223.7734375,2352.1328125,0,-77402.0234375,-110528.1484375
0.021500581875444,6934.8984375,1157.9423828125,2269.62744140625,0,-80856.328125,-120838.25
0.021600695326924,6985.37109375,1056.38793945313,2181.81591796875,0,-80272.59375,-119797.625
0.021700808778405,6652.25341796875,1023.28680419922,2211.69018554688,0,-75709.046875,-111429.296875
0.021800922229886,6379.70263671875,863.61376953125,2308.18701171875,0,-69790.0234375,-97945.0390625
0.021900082007051,6319.13623046875,787.482727050781,2268.58129882812,0,-67932.3984375,-98030.28125
0.022000195458531,6470.55322265625,856.192749023438,2241.17993164062,0,-68532.953125,-103562.171875
0.022100308910012,6551.30859375,854.320495605469,2177.21435546875,0,-67606.359375,-106731.8671875
0.022200422361493,6743.103515625,953.063842773438,2238.05981445313,0,-69949.4375,-115615.796875
0.022300535812974,6783.4814453125,916.9462890625,2185.09448242188,0,-68748.484375,-115747.2734375
0.022400649264455,6854.142578125,816.825439453125,1936.34631347656,0,-68994.046875,-115398.515625
0.022500762715936,6833.9541015625,919.850524902344,2044.41442871094,0,-71270.125,-120606.078125
0.022600878030062,6571.49755859375,813.57421875,2071.06201171875,0,-67800.8828125,-108779.1328125
0.022700037807226,6198.00244140625,763.19140625,2135.62353515625,0,-64483.55078125,-95716.0546875
0.022800151258707,6157.62451171875,753.971740722656,2062.15771484375,0,-65631.25,-94444.9375
0.022900264710188,6369.6083984375,814.339660644531,1942.91638183594,0,-69228.390625,-101553.8125
0.023000378161669,6399.8916015625,797.590454101563,2049.60522460938,0,-70433.078125,-102944.4296875
0.02310049161315,6531.11962890625,850.947937011719,2137.4150390625,0,-72538.5234375,-104318.21875
0.023200605064631,6621.97021484375,937.954956054688,2098.65454101562,0,-76491.6171875,-109387.3125
0.023300718516111,6399.8916015625,930.84423828125,2017.42260742187,0,-74869.3984375,-98967.2109375
0.023400831967592,6157.62451171875,902.275207519531,1843.97521972656,0,-73383.6953125,-91444.796875
0.023500945419073,5753.845703125,860.170104980469,1957.28930664063,0,-69816.765625,-74238.8359375
0.023600105196238,5551.95654296875,911.596557617188,1965.50903320313,0,-70794.25,-70196.296875
0.023700220510364,5632.71240234375,1046.58190917969,2095.33911132812,0,-71834.359375,-72335.921875
0.023800333961845,5652.9013671875,1104.533203125,2136.9365234375,0,-72646.203125,-73042.3125
0.023900447413325,5642.806640625,1103.05261230469,2128.98022460937,0,-73137.0546875,-72775.453125
0.024000560864806,5662.99560546875,1226.68835449219,2176.77612304688,0,-73901.4765625,-72463.8203125
0.024100674316287,5612.5234375,1223.94445800781,2075.79809570312,0,-72633.8359375,-66532.1953125
0.024200787767768,5360.16162109375,1316.86462402344,2049.62939453125,0,-72494.0546875,-62066.04296875
0.024300901219249,5067.42236328125,1471.74743652344,2091.76928710938,0,-68282.0703125,-50016.65234375
0.024400060996413,4996.7607421875,1537.57360839844,2125.142578125,0,-67401.203125,-49650.8046875
0.024500174447894,4623.265625,1681.20581054688,2214.6396484375,0,-63992.4296875,-44090.33984375
0.024600287899375,4704.021484375,1690.07531738281,2218.6240234375,0,-64336.96484375,-48581.4921875
0.024700401350856,4643.45458984375,1645.02526855469,2196.81811523437,0,-61776.65234375,-39487.5078125
0.024800514802337,4290.1484375,1808.34411621094,1985.50048828125,0,-60628.734375,-34020.01953125
0.024900628253818,3967.12524414062,1801.58850097656,1874.04956054688,0,-54904.24609375,-22075.673828125
0.025000741705299,4057.9755859375,1967.30981445313,1832.51342773438,0,-56789.171875,-29358.748046875
0.025100857019425,3745.04711914062,2000.73803710937,1854.9677734375,0,-52994.9140625,-21197.11328125
0.025200016796589,3502.77978515625,1992.16735839844,2054.0322265625,0,-51605.0234375,-18018.025390625
0.02530013024807,3442.21313476562,1890.7783203125,1869.36865234375,0,-45680.97265625,-7639.4599609375
0.025400243699551,3492.685546875,1945.50927734375,1806.3271484375,0,-47837.203125,-14180.80859375
0.025500357151032,3765.23608398437,1974.25817871094,1889.48913574219,0,-53012.19921875,-22545.716796875
0.025600470602512,3967.12524414062,1904.55322265625,1701.79736328125,0,-55968.98828125,-29868.6015625
0.025700584053993,3977.2197265625,1914.37036132813,1569.37390136719,0,-57288.359375,-35005.29296875
0.025800697505474,3916.65307617187,1871.73571777344,1584.55102539063,0,-56025.265625,-31493.51171875
0.025900810956955,3825.802734375,1806.12548828125,1649.46899414063,0,-52630.5859375,-25238.818359375
0.026000924408436,3987.31420898437,1766.76342773437,1678.1630859375,0,-53457.29296875,-30925.408203125
0.0261000841856,4280.0537109375,1671.84033203125,1719.87829589844,0,-56163.171875,-42722.48046875
0.026200197637081,4582.8876953125,1588.39367675781,1788.38610839844,0,-57005.20703125,-42807.20703125
0.026300312951207,5057.32763671875,1538.31994628906,1702.18920898438,0,-65034.984375,-62950.8203125
0.026400426402688,5107.80029296875,1289.76440429688,1486.81579589844,0,-64410.8984375,-59263.453125
0.026500539854169,4784.77734375,1212.11047363281,1502.01062011719,0,-62803.453125,-56057.80859375
0.02660065330565,4815.060546875,1108.05505371094,1603.00366210938,0,-62367.05859375,-53786.4921875
0.026700766757131,5006.85546875,1065.11706542969,1579.60729980469,0,-65554.3125,-64709.3125
0.026800880208612,5178.46142578125,945.502746582031,1465.72741699219,0,-67392.2109375,-70672.5078125
0.026900039985776,5521.67333984375,823.155578613281,1416.45947265625,0,-71263.9921875,-81036.515625
0.027000153437257,5703.37353515625,734.332397460938,1414.94384765625,0,-73166.2734375,-86229.109375
0.027100266888738,5632.71240234375,564.0869140625,1410.52612304688,0,-72849.4921875,-85253.6171875
0.027200380340219,5572.1455078125,388.683776855469,1260.279296875,0,-71834.2578125,-87460.984375
0.0273004937917,5259.21728515625,177.440582275391,1210.48828125,0,-68062.6015625,-78677.3671875
0.02740060724318,4825.15478515625,33.2389602661133,1308.24108886719,0,-61388.80859375,-66808.7265625
0.027500720694661,4754.49365234375,-153.381927490234,1272.9169921875,0,-58088.8125,-60556.2109375
0.027600834146142,4855.4384765625,-225.708633422852,1104.16857910156,0,-58282.9453125,-69086.1328125
0.027700949460268,5107.80029296875,-284.863037109375,1081.52404785156,0,-58894.94921875,-76576.0078125
0.027800109237433,5299.5947265625,-319.387390136719,1196.46313476563,0,-60413.80078125,-82999.140625
0.027900222688913,5077.5166015625,-450.837615966797,1245.455078125,0,-56689.5859375,-74132.78125
0.028000336140394,4895.81640625,-473.564605712891,1174.93127441406,0,-54046.91796875,-72954.0703125
0.028100449591875,4552.6044921875,-637.263854980469,1015.71575927734,0,-47501.2265625,-57795.0234375
0.028200563043356,4189.20361328125,-763.841491699219,923.533630371094,0,-43858.2890625,-50311.55859375
0.028300676494837,3734.95263671875,-877.894165039062,996.057922363281,0,-38423.96875,-32780.66015625
0.028400789946318,3745.04711914062,-911.953918457031,1016.69519042969,0,-39047.3828125,-31595.51953125
0.028500903397799,3785.42504882813,-965.390930175781,1023.01599121094,0,-40126.54296875,-30652.478515625
0.028600063174963,3815.70825195312,-934.649963378906,1015.3525390625,0,-42493.13671875,-33515.97265625
0.028700176626444,3654.19677734375,-1155.900390625,1021.83282470703,0,-40460.51171875,-22418.791015625
0.028800290077925,3522.96875,-1269.82446289063,1040.03601074219,0,-41449.890625,-19755.33203125
0.028900405392051,3159.56811523437,-1354.21350097656,1005.392578125,0,-39511.66796875,-8322.4619140625
0.029000518843532,3139.37915039063,-1474.61755371094,930.412963867187,0,-41866.06640625,-9074.4072265625
0.029100632295013,2947.58422851563,-1651.79357910156,1057.66369628906,0,-42017.921875,-1599.173828125
0.029200745746493,2725.505859375,-1777.12475585938,1208.36352539063,0,-42352.828125,2090.328125
0.029300859197974,2634.65576171875,-1872.98107910156,1202.53515625,0,-42502.34375,3911.611328125
0.029400018975139,2725.505859375,-1859.2939453125,1139.29455566406,0,-44440.33203125,-45.5253868103027
0.02950013242662,2452.95532226562,-1947.92163085938,1045.29309082031,0,-41409.7421875,13481.8828125
0.0296002458781,2321.72729492187,-2068.861328125,1088.84887695313,0,-40536.21875,20167.009765625
0.029700359329581,2432.76635742188,-2069.80737304688,1073.45385742188,0,-42410.9765625,15529.76953125
0.029800472781062,2008.798828125,-2216.52563476562,1189.64172363281,0,-38245.296875,27273.22265625
0.029900586232543,1605.02014160156,-2293.81396484375,1145.98095703125,0,-30012.34765625,39261.296875
0.030000699684024,1150.76916503906,-2322.57861328125,1158.58239746094,0,-24880.4140625,55082.74609375
0.030100813135505,1080.10791015625,-2343.5830078125,1154.25854492188,0,-22030.05859375,58172.2265625
0.030200926586986,1140.67468261719,-2350.08544921875,1161.62780761719,0,-23069.0859375,55457.25390625
0.030300088226795,999.352172851562,-2367.31176757812,1206.00341796875,0,-21265.255859375,63393.75
0.030400201678276,898.407531738281,-2417.43359375,940.123962402344,0,-18820.7421875,67957.78125
0.030500315129757,656.140319824219,-2538.84521484375,880.171691894531,0,-16343.2607421875,73893.390625
0.030600428581238,464.345458984375,-2749.43774414062,1055.32604980469,0,-15621.587890625,84353.6875
0.030700542032719,353.306335449219,-2740.02490234375,1224.48254394531,0,-15659.951171875,83879.765625
0.0308006554842,211.983795166016,-2788.32397460937,1012.68322753906,0,-14193.861328125,88189.6328125
0.03090076893568,-50.4723320007324,-2845.24340820312,995.70068359375,0,-12251.603515625,97645.6953125
0.031000882387161,-484.534393310547,-2828.5595703125,1198.98571777344,0,-9317.939453125,111432.03125
0.031100042164326,-666.234802246094,-2903.41967773437,1111.076171875,0,-7008.3974609375,121828.0390625
0.031200155615807,-726.801574707031,-3032.70239257813,1109.2763671875,0,-7676.66650390625,121134.9453125
0.031300269067288,-625.85693359375,-3091.46655273438,1119.57824707031,0,-9633.59375,117394.984375
0.031400382518768,-948.8798828125,-3161.54248046875,1181.08410644531,0,-8747.375,124826.6171875
0.031500495970249,-1100.296875,-3290.84545898437,1013.04516601563,0,-6470.09912109375,133632.125
0.03160060942173,-1211.3359375,-3328.52392578125,1043.31018066406,0,-5377.78466796875,134097.34375
0.031700722873211,-1261.80834960938,-3415.09814453125,1160.48107910156,0,-4108.69091796875,135323.234375
0.031800836324692,-1403.130859375,-3474.66796875,1311.95617675781,0,-3140.49658203125,141002.265625
0.031900949776173,-1473.79211425781,-3591.28173828125,1202.140625,0,-2725.35009765625,140628.34375
0.032000113278627,-1403.130859375,-3754.25268554687,1010.06976318359,0,-1745.57507324219,140123.78125
0.032100226730108,-1393.03637695313,-3843.73315429687,1095.49377441406,0,-2551.8505859375,138195.125
0.032200340181589,-1170.95812988281,-3941.53198242187,1055.70141601563,0,-4354.16796875,130081
0.03230045363307,-1100.296875,-3977.97802734375,926.169677734375,0,-4780.78125,122799.4765625
0.032400567084551,-1201.24157714844,-4089.2744140625,851.045654296875,0,-757.63818359375,127095.3984375
0.032500680536032,-1231.52490234375,-4074.38159179688,888.480590820313,0,2294.09033203125,127691.0703125
0.032600793987513,-1009.44665527344,-4072.29321289063,892.771606445313,0,1479.81860351563,115495.2109375
0.032700907438994,-1039.73010253906,-4180.37255859375,900.291564941406,0,4130.94677734375,116771.2578125
0.032800067216158,-797.462829589844,-4363.36181640625,863.103332519531,0,3841.4619140625,112943.203125
0.032900180667639,-757.085021972656,-4327.27978515625,905.10546875,0,2397.09985351563,106357.7265625
0.03300029411912,-676.329284667969,-4459.8935546875,897.734375,0,1350.51354980469,103126.203125
0.033100407570601,-797.462829589844,-4601.728515625,904.829772949219,0,3106.90258789062,108337.6796875
0.033200521022081,-837.840698242188,-4646.69921875,829.2197265625,0,4486.46142578125,106883.09375
0.033300634473562,-938.785400390625,-4665.42919921875,670.030578613281,0,6463.93408203125,105955.109375
0.033400747925043,-1110.39135742187,-4740.826171875,690.518005371094,0,12234.7119140625,114838.515625
0.033500861376524,-1049.82446289063,-4839.96728515625,690.933532714844,0,14103.9228515625,109990.1171875
0.033600021153689,-1009.44665527344,-4913.1025390625,744.411071777344,0,15042.9482421875,105228.953125
0.033700134605169,-888.313049316406,-4901.03564453125,905.217712402344,0,15311.302734375,101249.34375
0.03380024805665,-989.257751464844,-5094.63623046875,842.27783203125,0,18171.1484375,103973.5390625
0.033900361508131,-1049.82446289063,-5073.2568359375,888.700317382813,0,18199.923828125,100203.65625
0.034000474959612,-1130.58020019531,-5224.498046875,847.714538574219,0,20308.482421875,103883.5390625
0.034100588411093,-1100.296875,-5342.51708984375,983.078857421875,0,21099.048828125,103558.3203125
0.034200701862574,-1281.99731445313,-5496.4677734375,924.598205566406,0,23371.419921875,110228.3046875
0.034300815314055,-1493.98107910156,-5534.78173828125,795.695739746094,0,25519.056640625,117527.6328125
0.034400928765535,-1504.07556152344,-5544.62353515625,542.085021972656,0,27115.90234375,120092.125
0.0345000885427,-1514.17004394531,-5505.14111328125,750.041564941406,0,25560.5703125,117181.984375
0.034600205719471,-1251.7138671875,-5622.201171875,768.883239746094,0,22055.044921875,107873.5625
0.034700319170952,-817.651794433594,-5570.71630859375,894.387451171875,0,16465.044921875,92842.9609375
0.034800432622433,-1029.63562011719,-5609.951171875,1090.30676269531,0,16821.7578125,97817.1171875
0.034900546073914,-1170.95812988281,-5673.923828125,1060.01293945313,0,17116.236328125,101182.796875
0.035000659525395,-1221.43041992188,-5735.5859375,711.524536132812,0,17161.853515625,103484.0859375
0.035100772976875,-1281.99731445313,-5732.82958984375,483.755004882813,0,17832.548828125,104195.609375
0.035200886428356,-1554.5478515625,-5856.73681640625,795.396057128906,0,21429.556640625,116174.984375
0.035300046205521,-1473.79211425781,-5967.0166015625,850.241027832031,0,20669.5078125,112636.3203125
0.035400159657002,-1393.03637695313,-6010.08447265625,787.413391113281,0,19656.880859375,110009.7421875
0.035500273108482,-1322.37512207031,-6022.5546875,658.647094726563,0,18146.6328125,104831.6875
0.035600386559963,-1231.52490234375,-6006.62646484375,775.876708984375,0,15616.7255859375,99627.9765625
0.035700500011444,-1251.7138671875,-6037.16552734375,834.697326660156,0,16683.787109375,101275.140625
0.035800613462925,-1211.3359375,-6054.62353515625,915.857238769531,0,16352.3720703125,99877.15625
0.035900726914406,-1231.52490234375,-6148.5869140625,860.336486816406,0,16391.23046875,99004.2890625
0.036000840365887,-1160.86364746094,-6100.39013671875,691.538635253906,0,15781.44921875,98474.6328125
0.036100000143051,-1201.24157714844,-6093.6982421875,610.213256835938,0,15660.64453125,97848.2265625
0.036200113594532,-888.313049316406,-6074.751953125,591.468566894531,0,13227.7998046875,85793.59375
0.036300227046013,-868.124145507812,-6027.5458984375,642.439392089844,0,12606.9189453125,84688.1640625
0.036400340497494,-615.762451171875,-5957.75048828125,667.972534179688,0,11229.0361328125,77422.5703125
0.036500453948975,-282.645050048828,-5944.568359375,768.836242675781,0,8271.86328125,67026.7109375
0.036600567400456,-262.456115722656,-6015.5595703125,816.231689453125,0,7816.37939453125,67264.1015625
0.036700680851936,-353.306335449219,-5966.7412109375,620.245178222656,0,6608.26318359375,66419.015625
0.036800794303417,80.755729675293,-5970.4736328125,600.5205078125,0,908.992919921875,49959.203125
0.036900907754898,-494.628875732422,-6096.5888671875,592.547241210938,0,7265.57666015625,79079.5078125
0.037000067532063,-434.062072753906,-5992.7109375,660.864013671875,0,2827.4248046875,73149.2265625
0.037100180983543,-171.605926513672,-5980.5966796875,738.431640625,0,1456.912109375,64956.50390625
0.037200298160315,-333.117401123047,-6001.99365234375,880.093444824219,0,598.977478027344,69902
0.037300411611796,121.133598327637,-6052.28955078125,784.873779296875,0,-5231.04541015625,59046.3359375
0.037400525063276,585.479064941406,-6039.4609375,965.093017578125,0,-14200.1630859375,36632.98828125
0.037500638514757,423.967590332031,-6019.8232421875,953.372375488281,0,-15145.171875,43291.40234375
0.037600751966238,615.762451171875,-6035.26123046875,820.144714355469,0,-16806.056640625,32225.109375
0.037700865417719,605.66796875,-5950.96630859375,994.117492675781,0,-17465.990234375,30448.341796875
0.037800025194883,-222.078262329102,-6039.6083984375,1115.63342285156,0,-9129.8369140625,63959.6328125
0.037900138646364,40.3778648376465,-5953.537109375,999.259643554688,0,-11846.5966796875,54292.3671875
0.038000252097845,201.88932800293,-5956.673828125,757.145202636719,0,-13761.3564453125,44042.80859375
0.038100365549326,-181.700393676758,-5984.8828125,849.448974609375,0,-10828.80078125,59036.3515625
0.038200479000807,191.794860839844,-5910.1640625,714.832336425781,0,-12148.8525390625,52128.87109375
0.038300592452288,242.267196655273,-5935.333984375,841.239074707031,0,-12571.5361328125,46768.49609375
0.038400705903769,-585.479064941406,-6044.53564453125,929.610046386719,0,-3376.3037109375,83405.6953125
0.038500819355249,-807.557312011719,-5983.89990234375,872.894714355469,0,-3214.70922851563,84154.2421875
0.03860093280673,-262.456115722656,-5982.27099609375,700.341613769531,0,-9550.181640625,65586.359375
0.038700092583895,-343.211853027344,-6036.58056640625,771.01171875,0,-8889.15234375,72676.4453125
0.038800206035376,292.739532470703,-5939.265625,660.131591796875,0,-15453.9111328125,50165.5234375
0.038900319486857,484.534393310547,-5970.3515625,871.139343261719,0,-20840.4453125,39105.8671875
0.039000432938337,-363.400787353516,-6139.98095703125,1049.50598144531,0,-13112.955078125,77284.71875
0.039100546389818,-625.85693359375,-6066.7724609375,724.779418945313,0,-12737.3203125,78308.671875
0.039200659841299,181.700393676758,-6171.54052734375,500.970489501953,0,-19948.966796875,49428.5625
0.03930077329278,121.133598327637,-6199.11962890625,820.276733398438,0,-20635.75,54374.4375
0.039400886744261,625.85693359375,-6035.81591796875,949.783813476562,0,-24287.576171875,31161.173828125
0.039500046521425,1100.296875,-5970.53173828125,694.682434082031,0,-24909.384765625,20120.744140625
0.039600159972906,-60.5667991638184,-6017.16845703125,876.590637207031,0,-11999.6591796875,61985.82421875
0.039700277149677,-787.368408203125,-6073.89453125,709.377075195313,0,-891.774291992187,90296.7265625
0.039800390601158,30.2833995819092,-5768.9423828125,548.057373046875,0,-11074.2578125,50773.484375
0.039900504052639,666.234802246094,-5805.29345703125,537.542053222656,0,-14262.33984375,34745.76953125
0.04000061750412,292.739532470703,-5692.9599609375,784.140625,0,-10061.578125,44699.1484375
0.040100730955601,211.983795166016,-5469.10986328125,780.95068359375,0,-5770.75439453125,45243.3359375
0.040200844407082,-80.755729675293,-5493.80615234375,745.827392578125,0,1262.95483398438,55249.5078125
0.040300004184246,-746.990539550781,-5556.06982421875,979.674499511719,0,9266.6845703125,78163.1171875
0.040400117635727,-60.5667991638184,-5484.38134765625,740.771911621094,0,3679.58349609375,54518.5625
0.040500231087208,1049.82446289063,-5431.51806640625,529.425659179688,0,-6439.00830078125,12420.4990234375
0.040600344538689,201.88932800293,-5466.8056640625,783.324584960937,0,1713.65246582031,41173.9609375
0.04070045799017,-343.211853027344,-5168.86474609375,765.388854980469,0,5937.93017578125,49372.48828125
0.04080057144165,-171.605926513672,-5032.80224609375,552.317565917969,0,6434.67236328125,46570.10546875
0.040900684893131,-1019.54113769531,-5026.47412109375,707.147399902344,0,17961.806640625,76273.859375
0.041000798344612,-1534.35888671875,-5092.9033203125,834.716796875,0,23922.74609375,92942.125
0.041100911796093,-605.66796875,-4950.67138671875,619.180786132813,0,16026.7080078125,53335.86328125
0.041200071573258,-535.006713867188,-4737.96728515625,627.159240722656,0,17911.779296875,55986.21484375
0.041300185024738,-1281.99731445313,-4422.75048828125,762.334655761719,0,19893.4765625,68444.6953125
0.041400298476219,-615.762451171875,-4274.67822265625,602.290954589844,0,14659.859375,49665.81640625
0.0415004119277,-1403.130859375,-4340.13623046875,770.803405761719,0,25944.201171875,83682.265625
0.041600525379181,-1968.42102050781,-4153.8662109375,995.959411621094,0,31583.654296875,97236.8046875
0.041700638830662,-898.407531738281,-4030.39379882812,638.009399414063,0,21843.001953125,67054.6953125
0.041800752282143,-686.423706054688,-3835.80859375,620.241760253906,0,17441.91796875,52694.7109375
0.041900865733624,-1120.48583984375,-3759.5947265625,864.694152832031,0,16928.857421875,68356.8828125
0.042000025510788,-888.313049316406,-3583.50366210938,680.456115722656,0,12175.2294921875,59389.77734375
0.042100138962269,-1130.58020019531,-3490.19311523437,783.021667480469,0,11982.5888671875,72050.6953125
0.04220025241375,-1887.66528320313,-3421.99755859375,837.862609863281,0,22452.11328125,97939.3359375
0.042300369590521,-1019.54113769531,-3321.826171875,768.7216796875,0,9163.3603515625,70450.8828125
0.042400483042002,-555.195678710938,-3161.29272460938,931.5732421875,0,2417.38671875,55003.765625
0.042500596493483,-868.124145507812,-3047.56103515625,915.478820800781,0,4001.9716796875,63730.4921875
0.042600709944964,-908.502014160156,-2833.75561523437,752.851440429687,0,3123.20678710938,65302.4140625
0.042700823396444,-1312.28063964844,-2796.17114257812,752.735595703125,0,8517.2861328125,79180.7421875
0.042800936847925,-2049.1767578125,-2786.427734375,1092.73486328125,0,17162.2109375,103306.84375
0.04290009662509,-1231.52490234375,-2435.83911132812,957.908203125,0,9074.00390625,69976.3046875
0.043000210076571,-706.612670898438,-2183.447265625,1080.50964355469,0,4595.2548828125,57338.546875
0.043100323528051,-1261.80834960938,-2162.19409179687,1334.64489746094,0,10463.5400390625,75387.2578125
0.043200436979532,-1524.26440429688,-2124.02905273437,1142.18811035156,0,12250.220703125,83399.9609375
0.043300550431013,-1504.07556152344,-1904.13610839844,863.973876953125,0,13992.4892578125,82034.6484375
0.043400663882494,-2140.02685546875,-1795.48681640625,1201.61193847656,0,20441.849609375,97936.3671875
0.043500777333975,-2261.16040039062,-1669.81201171875,1255.552734375,0,18956.21484375,94600.5703125
0.043600890785456,-1372.84741210938,-1540.00756835938,1259.77331542969,0,11117.8076171875,67981.953125
0.04370005056262,-1261.80834960938,-1420.17712402344,1334.86547851563,0,10714.58984375,62957.984375
0.043800164014101,-1564.64233398437,-1332.65698242188,1284.34216308594,0,15425.3818359375,73434.78125
0.043900277465582,-1322.37512207031,-1216.09436035156,1146.84436035156,0,11114.63671875,63832.453125
0.044000390917063,-1281.99731445313,-1107.7392578125,1179.32434082031,0,14243.115234375,65127.359375
0.044100504368544,-1443.50866699219,-922.727722167969,1173.69213867188,0,15994.7041015625,69818.015625
0.044200617820025,-1160.86364746094,-884.722045898437,1220.28930664063,0,11127.9296875,54284.60546875
0.044300731271505,-1342.56408691406,-839.385192871094,1305.962890625,0,15708.2294921875,63666.5703125
0.044400844722986,-2140.02685546875,-775.248291015625,1501.55529785156,0,22735.169921875,84268.25
0.044500004500151,-1463.69763183594,-690.234252929688,1135.89306640625,0,15689.2470703125,66721.0078125
0.044600117951632,-1191.14709472656,-628.346801757813,857.645446777344,0,14239.2626953125,66962.71875
0.044700231403112,-1665.58703613281,-569.673217773438,1060.45495605469,0,17656.41015625,75299.921875
0.044800344854593,-1413.22534179688,-372.541015625,1227.87744140625,0,17274.705078125,65916.6015625
0.044900462031365,-767.179443359375,-165.101150512695,1447.95385742188,0,11643.146484375,43553.80859375
0.045000575482845,-1241.61938476563,-279.995422363281,1526.21545410156,0,19063.609375,64891.53515625
0.045100688934326,-535.006713867188,-145.183120727539,1097.34619140625,0,8926.5859375,34076.671875
0.045200802385807,-504.723327636719,-132.004089355469,1118.78466796875,0,8430.4658203125,41644.0859375
0.045300915837288,-1130.58020019531,-204.136825561523,1221.99377441406,0,12069.0234375,54514.46875
0.045400075614452,-696.518188476562,-137.982315063477,1216.4560546875,0,7980.96484375,44569.88671875
0.045500189065933,40.3778648376465,84.591178894043,1305.15942382813,0,-468.056518554688,19085.216796875
0.045600302517414,-323.022918701172,33.9139366149902,1434.32263183594,0,2628.24926757812,38395.1328125
0.045700415968895,-373.495269775391,174.300140380859,1539.82958984375,0,-460.039764404297,29753.306640625
0.045800529420376,302.833984375,248.4541015625,1248.91979980469,0,-6894.6806640625,16268.142578125
0.045900642871857,-222.078262329102,243.299682617187,1170.91979980469,0,-2599.64501953125,32916.390625
0.046000756323338,-333.117401123047,536.242797851563,1273.08911132813,0,-2933.97680664062,31366.326171875
0.046100869774819,-111.039131164551,375.035430908203,1184.76330566406,0,-4389.90625,22208.646484375
0.046200029551983,-171.605926513672,415.305908203125,1407.56848144531,0,-4805.98291015625,23948.171875
0.046300143003464,-191.794860839844,550.44287109375,1581.7060546875,0,-7646.17138671875,25265.1484375
0.046400256454945,222.078262329102,572.536499023438,1432.95324707031,0,-8156.009765625,14726.5244140625
0.046500369906426,252.361663818359,603.691650390625,1248.21203613281,0,-10760.53125,6647.57568359375
0.046600483357906,222.078262329102,909.616516113281,1282.45324707031,0,-12156.2470703125,1890.72692871094
0.046700596809387,565.290100097656,981.868774414063,1171.23168945313,0,-13475.0693359375,-7347.9765625
0.046800710260868,252.361663818359,901.296630859375,1195.02478027344,0,-9134.6357421875,4589.83203125
0.046900823712349,0,925.507629394531,1174.935546875,0,-5574.48681640625,17925.224609375
0.04700093716383,353.306335449219,1109.43518066406,1175.36791992188,0,-5698.17333984375,-2788.57006835937
0.047100096940994,716.707153320313,1213.87329101563,1518.14440917969,0,-7264.83935546875,-12509.826171875
0.047200210392475,171.605926513672,990.484069824219,1374.13952636719,0,200.341873168945,2933.58984375
0.047300323843956,514.817810058594,1284.25012207031,1256.88171386719,0,-3143.85913085937,-15962.45703125
0.047400441020727,736.896057128906,1355.43505859375,1123.93591308594,0,-3218.40380859375,-22568.748046875
0.047500554472208,736.896057128906,1266.76245117188,1084.36389160156,0,-1060.27624511719,-19770.435546875
0.047600667923689,575.384582519531,1375.20776367188,1422.50085449219,0,1359.79870605469,-19507.8046875
0.04770078137517,1110.39135742187,1381.45935058594,1114.00354003906,0,67.4106826782227,-34999.69140625
0.047800894826651,1120.48583984375,1482.7724609375,848.937927246094,0,-1247.31164550781,-38290.21875
0.047900054603815,1221.43041992188,1498.30883789063,1047.90466308594,0,-3689.18115234375,-41805.31640625
0.048000168055296,1605.02014160156,1524.365234375,1140.9306640625,0,-7407.958984375,-51524.828125
0.048100281506777,1160.86364746094,1491.26208496094,998.187561035156,0,567.088439941406,-30986.28125
0.048200394958258,1130.58020019531,1599.78576660156,990.669677734375,0,-341.980163574219,-33740.0234375
0.048300508409739,1070.01342773438,1524.05871582031,974.944641113281,0,-1333.33837890625,-39454.140625
0.048400621861219,928.69091796875,1464.62121582031,1113.12048339844,0,-201.223220825195,-24961.7890625
0.0485007353127,1322.37512207031,1621.77136230469,1222.51147460938,0,-6972.05419921875,-37279.4453125
0.048600848764181,1736.24829101563,1778.65710449219,1097.77612304688,0,-14645.2763671875,-51300.4609375
0.048700008541346,1796.81506347656,1703.99340820313,829.212585449219,0,-15598.4765625,-51197.0859375
0.048800121992827,1786.72058105469,1694.00610351563,1096.03112792969,0,-16509.521484375,-52669.1640625
0.048900235444307,1786.72058105469,1766.73767089844,1230.75964355469,0,-16947.05859375,-56987.69921875
0.049000348895788,1382.94189453125,1709.01538085938,1379.20434570312,0,-11841.3017578125,-36569.28515625
0.049100462347269,1281.99731445313,1694.92749023438,1341.3876953125,0,-14848.048828125,-34242.80859375
0.04920057579875,1170.95812988281,1696.88208007813,1156.84753417969,0,-15183.9912109375,-32954.0234375
0.049300689250231,1221.43041992188,1681.9013671875,1112.46447753906,0,-15814.2939453125,-26951.703125
0.049400802701712,676.329284667969,1558.27819824219,1312.56567382813,0,-11373.498046875,-16754.48046875
0.049500916153193,1080.10791015625,1684.09020996094,1440.45104980469,0,-15254.3408203125,-31387.11328125
0.049600075930357,1433.41430664063,1838.24328613281,1516.76733398438,0,-18438.9921875,-37816.015625
0.049700189381838,1382.94189453125,1993.275390625,1503.34753417969,0,-19867.162109375,-41011.66015625
0.049800302833319,1211.3359375,1895.4169921875,1145.80334472656,0,-17567.0546875,-33229.19140625
0.0499004162848,837.840698242188,2046.05651855469,940.760986328125,0,-12980.3310546875,-19235.029296875
0.050000533461571,535.006713867188,1999.30200195313,1134.80310058594,0,-8628.2197265625,-7786.4560546875
0.050100646913052,827.746276855469,1872.90454101563,1212.32312011719,0,-10110.220703125,-19789.64453125
0.050200760364533,676.329284667969,1849.58972167969,1306.20776367188,0,-8830.388671875,-18431.328125
0.050300873816013,504.723327636719,1785.84997558594,1253.51989746094,0,-3725.06420898437,-9193.806640625
0.050400033593178,726.801574707031,1906.48266601563,1100.51611328125,0,-6338.4384765625,-21624.068359375
0.050500147044659,686.423706054688,1940.44580078125,1241.7978515625,0,-4298.2197265625,-14080.44921875
0.05060026049614,948.8798828125,1942.04443359375,1302.25476074219,0,-6048.748046875,-19429.337890625
0.05070037394762,1049.82446289063,1835.35278320313,979.476867675781,0,-6646.953125,-30360.08203125
0.050800487399101,757.085021972656,1745.86694335938,1039.00109863281,0,-3798.05322265625,-20983.365234375
0.050900600850582,535.006713867188,1830.65686035156,1100.02575683594,0,-475.638214111328,-14657.9609375
0.051000714302063,514.817810058594,1924.86999511719,1004.46868896484,0,330.971618652344,-16806.87890625
0.051100827753544,423.967590332031,1904.30993652344,996.40380859375,0,929.801513671875,-13723.4052734375
0.051200941205025,807.557312011719,1887.86962890625,972.259582519531,0,-1817.05651855469,-21834.669921875
0.051300100982189,1070.01342773438,1875.6376953125,1033.57299804688,0,-3042.18017578125,-29662.931640625
0.05140021443367,1110.39135742187,1957.31848144531,1137.72607421875,0,-5032.4619140625,-33787.25
0.051500327885151,868.124145507812,1872.51025390625,1275.54138183594,0,-1652.18432617188,-25353.55859375
0.051600441336632,938.785400390625,1802.9296875,1143.91516113281,0,-3373.82177734375,-29602.34375
0.051700554788113,807.557312011719,1817.99353027344,944.133056640625,0,-1779.5361328125,-19078.33203125
0.051800668239594,807.557312011719,1812.19775390625,879.339599609375,0,-3368.2470703125,-17223.71484375
0.051900781691074,999.352172851562,1804.96887207031,937.930541992188,0,-6466.8359375,-22837.923828125
0.052000895142555,1029.63562011719,1805.37915039063,1185.83410644531,0,-10422.81640625,-32377.181640625
0.05210005491972,1059.9189453125,1696.59606933594,1205.17834472656,0,-10734.771484375,-29055.990234375
0.052200168371201,1130.58020019531,1746.7080078125,1085.22229003906,0,-11863.349609375,-33287.015625
0.052300281822682,686.423706054688,1692.45031738281,1074.78271484375,0,-8922.8271484375,-18425.041015625
0.052400395274162,575.384582519531,1676.70178222656,1017.45825195313,0,-5938.1923828125,-7239.82421875
0.052500508725643,555.195678710938,1668.57336425781,956.00634765625,0,-7888.81787109375,-11074.578125
0.052600625902414,575.384582519531,1749.53601074219,1036.60083007813,0,-7918.8076171875,-15494.1181640625
0.052700739353895,524.912231445313,1647.93994140625,1176.93542480469,0,-7196.5009765625,-12334.7275390625
0.052800852805376,646.045837402344,1610.66015625,1144.53308105469,0,-7348.48046875,-17939.232421875
0.052900012582541,615.762451171875,1532.78674316406,1188.30541992188,0,-5367.4130859375,-15147.03515625
0.053000126034021,504.723327636719,1506.19177246094,1153.94140625,0,-2643.67358398437,-7647.24755859375
0.053100239485502,484.534393310547,1410.6806640625,1053.4931640625,0,-856.540100097656,-7895.3408203125
0.053200352936983,423.967590332031,1493.8623046875,1005.05322265625,0,1807.46411132813,-6920.65185546875
0.053300466388464,595.573547363281,1523.609375,986.471130371094,0,-1056.89074707031,-15963.0283203125
0.053400579839945,373.495269775391,1496.19934082031,1112.67211914063,0,937.399108886719,-8439.7890625
0.053500693291426,393.684204101563,1470.06994628906,1047.25646972656,0,3236.8671875,-146.866073608398
0.053600806742907,413.873138427734,1472.84228515625,927.242370605469,0,2677.72924804687,-6717.81396484375
0.053700920194388,484.534393310547,1432.85717773438,875.675476074219,0,3612.5546875,-6471.0615234375
0.053800079971552,676.329284667969,1421.14233398438,901.955749511719,0,3220.88671875,-12123.099609375
0.053900193423033,807.557312011719,1414.41638183594,993.204406738281,0,2134.4365234375,-18033.794921875
0.054000306874514,1019.54113769531,1453.29797363281,940.841064453125,0,969.487426757813,-25659.015625
0.054100420325995,888.313049316406,1345.54943847656,876.998657226562,0,3505.63818359375,-21382.38671875
0.054200533777475,757.085021972656,1372.36633300781,974.204345703125,0,7750.08642578125,-11391.8701171875
0.054300647228956,666.234802246094,1452.81506347656,1165.58508300781,0,7300.4765625,-11918.2666015625
0.054400760680437,706.612670898438,1356.30078125,1257.39611816406,0,6952.4052734375,-9907.0546875
0.054500874131918,938.785400390625,1324.32409667969,965.615112304688,0,6407.025390625,-19527.216796875
0.054600033909083,958.974304199219,1309.771484375,966.285522460938,0,5620.6630859375,-20488.859375
0.054700147360563,1029.63562011719,1339.17248535156,1273.53112792969,0,1437.06396484375,-23503.869140625
0.054800260812044,918.596435546875,1282.73815917969,1390.25366210938,0,2906.97265625,-14955.09765625
0.054900374263525,1201.24157714844,1245.78308105469,1250.70874023438,0,-540.038024902344,-24771.400390625
0.055000487715006,1261.80834960938,1261.95874023438,1149.84301757813,0,-6024.041015625,-30149.560546875
0.055100604891777,1049.82446289063,1238.16577148438,1199.09460449219,0,-3238.16088867187,-20179.60546875
0.055200718343258,1039.73010253906,1062.32141113281,1114.46252441406,0,-2429.42358398437,-12084.3798828125
0.055300831794739,1039.73010253906,1091.61071777344,1369.7314453125,0,-5992.3369140625,-18645.83203125
0.05540094524622,898.407531738281,907.388854980469,1644.31213378906,0,-4573.00048828125,-9191.4443359375
0.055500105023384,1302.18615722656,896.548828125,1752.39282226563,0,-11351.794921875,-24784.560546875
0.055600218474865,1302.18615722656,710.095581054688,1558.53881835937,0,-12072.33984375,-19204.1875
0.055700331926346,1352.65856933594,755.230834960938,1333.91735839844,0,-13861.021484375,-22424.15234375
0.055800445377827,1372.84741210938,787.084838867188,1253.30029296875,0,-14221.8544921875,-20453.7421875
0.055900558829308,969.068786621094,786.481140136719,1414.42858886719,0,-11015.9814453125,-5959.337890625
0.056000672280789,1059.9189453125,616.356811523437,1388.29541015625,0,-9359.2197265625,-726.653930664063
0.056100785732269,1059.9189453125,700.996215820313,1622.97180175781,0,-11405.5380859375,-5700.11328125
0.05620089918375,817.651794433594,523.651489257813,1517.12292480469,0,-7403.095703125,2618.94677734375
0.056300058960915,868.124145507812,533.137084960937,1406.056640625,0,-6986.619140625,2584.17041015625
0.056400172412396,1130.58020019531,499.395202636719,1257.263671875,0,-8254.046875,-1199.88903808594
0.056500285863876,1170.95812988281,523.396179199219,1376.15222167969,0,-7426.28857421875,-837.135925292969
0.056600399315357,1201.24157714844,462.759704589844,1555.08215332031,0,-8143.22998046875,-1721.55651855469
0.056700512766838,1211.3359375,348.714660644531,1685.05163574219,0,-6780.88330078125,-1345.99841308594
0.056800626218319,1352.65856933594,359.828918457031,1737.33312988281,0,-9524.6298828125,-12959.380859375
0.0569007396698,1665.58703613281,185.33268737793,1475.26184082031,0,-12846.08984375,-17481.587890625
0.057000853121281,1756.43713378906,79.6907653808594,1357.82104492188,0,-14032.3466796875,-21824.810546875
0.057100012898445,1352.65856933594,47.6403541564941,1465.51428222656,0,-9813.2841796875,-7373.40234375
0.057200126349926,1100.296875,-8.164870262146,1655.38293457031,0,-4863.20166015625,-2726.53125
0.057300239801407,1070.01342773438,-150.777969360352,1571.59619140625,0,-4530.6357421875,4558.162109375
0.057400353252888,1251.7138671875,-1.42514038085938,1577.24841308594,0,-7317.67626953125,-4063.84301757813
0.057500466704369,1473.79211425781,62.6357650756836,1691.27026367188,0,-11217.9013671875,-10844.3955078125
0.05760058015585,1756.43713378906,24.5882472991943,1473.3935546875,0,-14857.6689453125,-19007.291015625
0.057700697332621,1766.53161621094,61.4071350097656,1437.3896484375,0,-13790.7958984375,-16799.828125
0.057800810784102,1625.20910644531,92.7067413330078,1594.10815429688,0,-14725.5,-16039.8681640625
0.057900924235582,1453.60314941406,23.7220764160156,1590.91418457031,0,-10950.375,-9118.05859375
0.058000084012747,1261.80834960938,-91.0471267700195,1614.81555175781,0,-9854.990234375,-6379.2470703125
0.058100197464228,1403.130859375,-86.2372589111328,1640.85961914063,0,-13232.0439453125,-12436.23828125
0.058200310915709,1786.72058105469,6.05731058120728,1511.66711425781,0,-16706.505859375,-21196.671875
0.058300424367189,1877.57080078125,-82.2977294921875,1596.57397460938,0,-19838.88671875,-24704.9375
0.05840053781867,1877.57080078125,-105.117050170898,1835.93566894531,0,-20187.21875,-21998.3515625
0.058500651270151,2099.64892578125,-136.372482299805,1764.89440917969,0,-22641.296875,-27666.427734375
0.058600764721632,2008.798828125,-66.2387466430664,1862.77258300781,0,-23819.14453125,-25545.48046875
0.058700878173113,1675.68139648438,-195.732177734375,1739.5048828125,0,-20565.095703125,-17156.240234375
0.058800037950277,1786.72058105469,-337.962982177734,1637.18896484375,0,-22303.421875,-16508.921875
0.058900151401758,2220.78271484375,-336.516448974609,1708.54040527344,0,-27707.322265625,-31648.923828125
0.059000264853239,2291.44384765625,-399.512725830078,1652.45690917969,0,-27228.70703125,-31270.51171875
0.05910037830472,2483.23876953125,-295.978851318359,1774.28381347656,0,-28836.28515625,-39053.58203125
0.059200491756201,2392.388671875,-276.408355712891,1867.04895019531,0,-28080.724609375,-37698.9765625
0.059300605207682,2331.82177734375,-369.323150634766,1822.71276855469,0,-26528.830078125,-35880.22265625
0.059400718659163,2271.2548828125,-431.928009033203,1658.08178710938,0,-24555.955078125,-29891.140625
0.059500832110643,2372.19970703125,-385.113372802734,1467.46789550781,0,-26454.65625,-35376.83984375
0.059600945562124,2352.0107421875,-326.755676269531,1686.64660644531,0,-26021.16796875,-34847.23046875
0.059700105339289,2352.0107421875,-336.872985839844,1692.09497070313,0,-25032.5859375,-35601.25390625
0.05980021879077,2079.46020507812,-285.557800292969,1709.31506347656,0,-21399.880859375,-28053.2109375
0.059900332242251,2059.27124023437,-329.673370361328,1422.12255859375,0,-18690.5390625,-23695.01171875
0.060000445693731,2140.02685546875,-351.372680664062,1431.50573730469,0,-19963.2890625,-27805.66015625
0.060100559145212,2261.16040039062,-319.882934570313,1721.75671386719,0,-22106.923828125,-32631.53125
0.060200672596693,2230.87719726563,-439.240051269531,1687.38452148438,0,-21622.29296875,-31838.240234375
0.060300789773464,2321.72729492187,-612.361022949219,1457.40832519531,0,-23544.19921875,-38743.3984375
0.060400903224945,2594.27783203125,-518.6416015625,1532.23046875,0,-27511.3203125,-49629.640625
0.06050006300211,2695.22265625,-543.690185546875,1604.03930664063,0,-31602.35546875,-56452.4765625
0.06060017645359,2846.6396484375,-569.301391601563,1570.29040527344,0,-29791.73828125,-57815.953125
0.060700289905071,3048.52880859375,-631.595458984375,1432.66687011719,0,-33215.75,-68232.2109375
0.060800403356552,3088.90673828125,-514.672607421875,1433.72595214844,0,-33279.546875,-69517.140625
0.060900516808033,2987.96215820312,-531.464599609375,1578.43640136719,0,-31429.5546875,-67027.5859375
0.061000630259514,2927.39526367187,-577.040832519531,1550.06103515625,0,-30245.8515625,-66142.9453125
0.061100743710995,2796.16723632813,-537.581909179688,1524.45971679688,0,-27603.6484375,-59564.296875
0.061200857162476,2796.16723632813,-459.539703369141,1421.86437988281,0,-25619.291015625,-58298.08984375
0.06130001693964,2705.31713867187,-386.952331542969,1336.29760742188,0,-25371.076171875,-64140.33203125
0.061400130391121,2614.466796875,-471.757629394531,1236.09680175781,0,-20687.109375,-54769.84765625
0.061500243842602,2735.60034179687,-424.048950195312,1463.18615722656,0,-22602.74609375,-60385.28125
0.061600357294083,3028.34008789062,-486.734130859375,1535.89086914063,0,-24756.408203125,-67616.15625
0.061700470745564,3270.60717773437,-631.864624023438,1369.9423828125,0,-27759.76171875,-76868.28125
0.061800584197044,3139.37915039063,-714.454833984375,1306.48706054688,0,-26737.76171875,-74585.84375
0.061900697648525,2977.86767578125,-858.556823730469,1226.86328125,0,-24390.291015625,-70504.3359375
0.062000811100006,2796.16723632813,-862.824645996094,1499.06860351563,0,-22980.326171875,-62943.703125
0.062100924551487,2856.73413085938,-970.416809082031,1492.97961425781,0,-24340.962890625,-64869.3515625
0.062200084328652,3088.90673828125,-990.286376953125,1213.96691894531,0,-26955.697265625,-76359.8515625
0.062300197780132,2977.86767578125,-1005.5322265625,1259.85864257813,0,-25977.171875,-70476.203125
0.062400311231613,2927.39526367187,-1127.44311523438,1110.56860351563,0,-24316.072265625,-66925.1328125
0.062500424683094,2796.16723632813,-1168.76025390625,1080.3212890625,0,-21424.58984375,-59826.796875
0.062600538134575,2563.99462890625,-1018.75268554688,1041.57434082031,0,-18616.55859375,-54877.22265625
0.062700651586056,2281.34936523437,-1040.6767578125,1137.42895507813,0,-13479.5263671875,-40760.640625
0.062800765037537,1978.51550292969,-1227.29711914063,1248.52355957031,0,-11949.044921875,-34033.4765625
0.062900878489018,1786.72058105469,-1317.55651855469,1222.80993652344,0,-7889.01953125,-21884.84765625
0.063000038266182,1806.90954589844,-1219.17834472656,1125.30920410156,0,-8738.564453125,-26332.37890625
0.063100151717663,1564.64233398437,-1305.31127929688,1131.0126953125,0,-9495.9345703125,-24522.111328125
0.063200265169144,1463.69763183594,-1480.07800292969,1100.1943359375,0,-8156.68115234375,-13680.919921875
0.063300378620625,1493.98107910156,-1465.89172363281,1312.70959472656,0,-9138.771484375,-14379.40625
0.063400492072105,1483.88659667969,-1457.65905761719,1214.16101074219,0,-11106.0078125,-14771.0634765625
0.063500605523586,1221.43041992188,-1611.42309570313,1085.47937011719,0,-8761.6708984375,-4499.60791015625
0.063600718975067,1181.05261230469,-1634.65197753906,1038.24609375,0,-10268.6962890625,-6864.64794921875
0.063700832426548,958.974304199219,-1736.75256347656,1217.90893554688,0,-9441.0859375,-1350.28576660156
0.063800945878029,979.163269042969,-1848.0888671875,1285.91735839844,0,-9779.400390625,237.426132202148
0.063900105655193,817.651794433594,-1915.32763671875,1422.85266113281,0,-8865.18359375,5936.802734375
0.064000226557255,726.801574707031,-1848.58996582031,1381.21069335938,0,-7772.8955078125,8966.2685546875
0.064100340008736,555.195678710938,-1920.73352050781,1203.14892578125,0,-4919.7421875,16631.25390625
0.064200453460217,484.534393310547,-1839.36218261719,1135.70458984375,0,-3396.66918945312,16550.29296875
0.064300566911697,272.550598144531,-1918.72546386719,1146.7255859375,0,300.829437255859,27269.1953125
0.064400680363178,373.495269775391,-1871.80383300781,1326.10998535156,0,-1317.73034667969,22578.98046875
0.064500793814659,403.778656005859,-1916.60827636719,1298.01416015625,0,292.67236328125,24720.06640625
0.06460090726614,323.022918701172,-1992.09069824219,1103.58386230469,0,1919.34497070313,28631.15234375
0.064700067043305,333.117401123047,-1954.27563476563,1165.56018066406,0,755.24072265625,23436.07421875
0.064800180494785,444.156524658203,-1951.44836425781,1043.67236328125,0,1967.55029296875,23107.931640625
0.064900293946266,615.762451171875,-1934.44641113281,1021.98425292969,0,142.535003662109,13995.91796875
0.065000407397747,464.345458984375,-2091.7744140625,1009.400390625,0,2792.71240234375,19679.751953125
0.065100520849228,434.062072753906,-2100.69458007812,1089.03686523438,0,4958.92578125,21945.91015625
0.065200634300709,302.833984375,-2147.8505859375,958.640930175781,0,7183.5146484375,23617.365234375
0.06530074775219,393.684204101563,-2129.57470703125,760.439392089844,0,7149.40185546875,18532.25390625
0.065400861203671,111.039131164551,-2197.2431640625,824.298645019531,0,10994.4619140625,26370.3984375
0.065500020980835,-20.1889324188232,-2224.68090820312,780.40869140625,0,14822.470703125,32991.65234375
0.065600134432316,-131.228057861328,-2382.43530273437,811.756103515625,0,16583.525390625,34127.10546875
0.065700247883797,-131.228057861328,-2351.98046875,850.012573242188,0,17154.193359375,32681.43359375
0.065800361335278,60.5667991638184,-2202.9404296875,734.400268554688,0,16337.8544921875,24651.388671875
0.065900474786759,0,-2198.58251953125,876.978454589844,0,17481.705078125,28364.98828125
0.066000588238239,-161.511459350586,-2141.0634765625,751.049072265625,0,18671.287109375,32128.7421875
0.06610070168972,-272.550598144531,-2122.71899414062,657.481750488281,0,19315.408203125,34912.08984375
0.066200815141201,-272.550598144531,-2109.49438476562,736.183898925781,0,18042.234375,31111.58984375
0.066300928592682,-272.550598144531,-2239.81909179688,675.60302734375,0,17723.462890625,31982.4453125
0.066400088369846,-262.456115722656,-2215.11303710937,726.53076171875,0,16391.15234375,32169.697265625
0.066500201821327,-302.833984375,-2198.68774414063,815.023742675781,0,15886.0068359375,33036.875
0.066600315272808,-151.4169921875,-2236.19775390625,630.715515136719,0,13726.361328125,29500.73828125
0.066700428724289,-111.039131164551,-2314.25830078125,709.228515625,0,12725.4853515625,28997.3359375
0.06680054217577,-302.833984375,-2287.8505859375,782.328918457031,0,13966.5146484375,35892.5234375
0.066900655627251,-161.511459350586,-2264.80224609375,859.842407226562,0,11073.091796875,30864.068359375
0.067000769078732,-161.511459350586,-2270.88061523437,783.554260253906,0,9465.5625,27996.025390625
0.067100882530212,40.3778648376465,-2302.69311523437,668.745361328125,0,7629.8828125,22758.283203125
0.067200042307377,50.4723320007324,-2141.10278320312,841.33544921875,0,6684.40625,22047.23828125
0.067300155758858,-30.2833995819092,-2060.47900390625,884.564392089844,0,9111.748046875,26759.970703125
0.067400269210339,10.0944662094116,-2040.0380859375,847.256774902344,0,9550.3662109375,24792.7421875
0.06750038266182,20.1889324188232,-2080.638671875,654.147216796875,0,10143.162109375,24910.6171875
0.0676004961133,90.8501968383789,-2034.93762207031,672.739318847656,0,11207.82421875,23469.095703125
0.067700609564781,30.2833995819092,-1969.46215820313,953.746459960938,0,11233.8916015625,23654.6171875
0.067800723016262,232.172729492187,-1999.63220214844,963.640502929687,0,8608.0126953125,14908.25390625
0.067900836467743,494.628875732422,-1952.96813964844,850.855163574219,0,7487.3125,7263.333984375
0.068000949919224,646.045837402344,-1921.13708496094,660.619689941406,0,6379.7060546875,1099.41064453125
0.068100109696388,595.573547363281,-1877.63671875,748.497741699219,0,5718.74853515625,-446.147888183594
0.068200223147869,595.573547363281,-1872.57116699219,675.539123535156,0,7794.4990234375,6436.7783203125
0.06830033659935,555.195678710938,-1883.2998046875,677.873840332031,0,5553.2392578125,1680.4404296875
0.068400450050831,615.762451171875,-1884.18151855469,626.021850585938,0,4724.2763671875,-2210.91088867187
0.068500563502312,656.140319824219,-1859.87158203125,772.419738769531,0,4216.4775390625,-3219.53881835937
0.068600676953793,635.951416015625,-1908.44653320313,727.217163085938,0,3550.09619140625,-5528.64208984375
0.068700790405274,535.006713867188,-1795.96923828125,781.226440429688,0,5421.41455078125,-1925.76928710938
0.068800903856754,625.85693359375,-1813.70336914063,764.084411621094,0,4800.123046875,-4806.71533203125
0.068900063633919,484.534393310547,-1845.06408691406,791.719360351563,0,6083.193359375,-2276.04418945312
0.0690001770854,323.022918701172,-1882.30798339844,916.931396484375,0,9029.2109375,3369.18579101562
0.069100290536881,474.43994140625,-1837.85668945312,805.154724121094,0,8002.81689453125,-1384.27624511719
0.069200411438942,484.534393310547,-1941.9794921875,660.657165527344,0,9018.986328125,-1698.78442382812
0.069300524890423,494.628875732422,-1869.99377441406,715.287170410156,0,7696.36962890625,-5111.1298828125
0.069400638341904,514.817810058594,-1852.58068847656,900.683288574219,0,7265.1728515625,-2946.06298828125
0.069500751793385,444.156524658203,-1878.86120605469,795.899353027344,0,8370.2763671875,1046.91760253906
0.069600865244866,413.873138427734,-1888.14367675781,803.812194824219,0,6628.21728515625,884.092712402344
0.06970002502203,615.762451171875,-1898.72216796875,804.02099609375,0,4717.63232421875,572.775573730469
0.069800138473511,736.896057128906,-1803.59741210938,915.661804199219,0,489.631500244141,-5916.17919921875
0.069900251924992,736.896057128906,-1991.23217773438,850.647583007813,0,-579.431579589844,-863.973266601563
0.070000365376473,686.423706054688,-1995.98742675781,834.677856445313,0,-3056.7119140625,1077.30029296875
0.070100478827953,686.423706054688,-2048.70483398438,743.868041992188,0,-4028.84716796875,1685.435546875
0.070200592279434,676.329284667969,-2016.57788085937,770.885314941406,0,-5704.72216796875,-954.445251464844
0.070300705730915,676.329284667969,-2084.29614257812,793.933166503906,0,-5149.37890625,2108.24584960937
0.070400819182396,746.990539550781,-2009.08569335937,913.226379394531,0,-5879.404296875,750.514404296875
0.070500932633877,928.69091796875,-1954.70947265625,868.904541015625,0,-6708.1103515625,-4002.78100585938
0.070600092411041,989.257751464844,-1930.95031738281,825.2421875,0,-7766.82958984375,-9616.115234375
0.070700205862522,787.368408203125,-1901.2021484375,967.046203613281,0,-4746.3701171875,-1057.66931152344
0.070800319314003,656.140319824219,-1785.27514648438,1083.12133789063,0,-3409.50146484375,2294.64599609375
0.070900432765484,524.912231445313,-1938.31481933594,968.334411621094,0,-1320.03576660156,5359.13720703125
0.071000546216965,484.534393310547,-1916.37072753906,838.542785644531,0,-1780.259765625,2812.1611328125
0.071100659668446,312.928466796875,-1898.65881347656,907.554382324219,0,71.588508605957,12460.8505859375
0.071200773119927,393.684204101563,-1929.607421875,820.129150390625,0,-1817.37377929688,6511.3759765625
0.071300886571407,282.645050048828,-1930.35412597656,834.959350585937,0,-621.897827148438,10675.306640625
0.071400046348572,171.605926513672,-1931.57531738281,890.440185546875,0,712.978271484375,16272.5927734375
0.071500159800053,211.983795166016,-1876.95837402344,841.857421875,0,766.253540039063,11892.2919921875
0.071600273251534,333.117401123047,-1857.41638183594,833.785705566406,0,382.349578857422,9509.060546875
0.071700386703014,181.700393676758,-1855.10314941406,981.388366699219,0,2892.24365234375,12294.1279296875
0.071800500154495,232.172729492187,-1850.46264648438,1034.16687011719,0,2084.82177734375,13914.0029296875
0.071900613605976,262.456115722656,-1843.39367675781,804.400573730469,0,1726.17175292969,11942.9560546875
0.072000727057457,181.700393676758,-1821.48034667969,700.768676757813,0,2168.1630859375,11148.896484375
0.072100840508938,111.039131164551,-1764.92749023438,973.770446777344,0,3989.10107421875,16769.466796875
0.072200000286102,-40.3778648376465,-1826.53112792969,979.058898925781,0,7540.11474609375,24844.078125
0.072300113737583,-100.944664001465,-1815.27319335938,823.461547851563,0,8782.69140625,24502.77734375
0.072400227189064,111.039131164551,-1763.98669433594,789.881530761719,0,6616.75341796875,17366.982421875
0.072500340640545,70.661262512207,-1726.53698730469,961.938720703125,0,5632.91259765625,18278.087890625
0.072600454092026,181.700393676758,-1789.47595214844,925.085693359375,0,6813.58056640625,20579.15234375
0.072700567543507,333.117401123047,-1724.18481445313,845.419189453125,0,2899.41015625,10473.3388671875
0.072800680994988,333.117401123047,-1756.35729980469,730.416809082031,0,3387.69140625,11643.41015625
0.072900794446468,30.2833995819092,-1805.13195800781,781.630249023438,0,7337.61767578125,25645.0859375
0.073000907897949,111.039131164551,-1864.24279785156,728.516174316406,0,5543.60302734375,20450.841796875
0.073100067675114,302.833984375,-1841.1767578125,678.468444824219,0,3990.15625,14039.6650390625
0.073200181126595,282.645050048828,-1768.46960449219,857.739318847656,0,3735.3720703125,13440.0654296875
0.073300294578075,50.4723320007324,-1837.56420898438,828.094360351563,0,7668.1875,22826.638671875
0.073400408029556,-90.8501968383789,-1748.392578125,782.384521484375,0,7906.4853515625,23190.904296875
0.073500521481037,-302.833984375,-1834.42578125,690.445617675781,0,11645.087890625,32196.384765625
0.073600634932518,-393.684204101563,-1731.23168945313,737.852294921875,0,12530.0341796875,33629.0234375
0.073700748383999,-403.778656005859,-1758.54382324219,682.172912597656,0,13062.0361328125,34340.37890625
0.07380086183548,-282.645050048828,-1739.93469238281,721.309265136719,0,11720.2158203125,31475.470703125
0.073900021612644,-272.550598144531,-1695.18310546875,821.573059082031,0,11958.3466796875,30355.587890625
0.074000135064125,-282.645050048828,-1696.98645019531,838.5830078125,0,11504.8486328125,29030.056640625
